Cluster,CRIM,ZN,INDUS,CHAS,NOX,RM,AGE,DIS,RAD,TAX,PTRATIO,B,LSTAT,MEDV
0,0.043651836734693875,70.74528301886792,2.7741176470588234,0.019230769230769232,0.41494716981132074,6.8164150943396224,29.288235294117648,7.190747169811321,3.5283018867924527,316.9622641509434,16.42452830188679,389.2175471698113,5.759230769230769,30.341509433962262
1,11.700686195652175,0.0,18.1,0.08888888888888889,0.6744329896907216,6.002721649484537,89.49157894736842,2.087564948453608,24.0,666.0,20.2,371.9518556701031,17.65714285714286,17.668041237113403
2,0.4002320212765958,0.7043010752688172,13.311648351648351,0.0,0.5549157894736843,6.0133052631578945,86.05842696629213,3.0155705263157895,4.2105263157894735,362.69473684210527,19.901052631578946,378.1084210526316,15.547362637362637,18.27578947368421
3,0.3397777192982456,7.258928571428571,5.493508771929824,0.0,0.5296915254237288,7.049169491525424,77.9375,3.297669491525424,4.762711864406779,274.06779661016947,16.152542372881356,390.0589830508475,7.734137931034483,33.4271186440678
4,2.1774390476190475,0.0,19.58,0.0,0.7696666666666667,5.725761904761905,95.495,1.8200238095238095,5.0,403.0,14.7,309.2104761904762,16.532380952380954,18.81904761904762
5,0.17246794871794874,9.352678571428571,6.704615384615385,0.0,0.46299834710743804,6.231942148760331,39.510084033613445,5.488742975206611,4.652892561983471,290.72727272727275,18.40495867768595,388.96528925619833,9.047543859649123,23.515702479338845
6,0.7058,7.5,11.070416666666667,1.0,0.550796,6.4944,73.72173913043478,3.3478559999999997,5.12,303.6,16.892,373.1504,12.340416666666668,27.168000000000003
7,16.7792303125,0.0,18.1,0.0,0.6668285714285714,6.076,90.11212121212121,1.9883342857142858,24.0,666.0,20.2,55.669714285714285,21.007428571428573,12.9
